,condition,distance,approach_speed,approach_time,acceleration_time,height,trial_started,trial_ended,response
0,rattle_const,1.0,0.0,2.0,1,0.6,1533109819332,1533109824656,0.7906562854122541
1,rattle_mod,4.0,1.2,2.5,1,0.6,1533109824768,1533109829933,1.70801534535378
2,rattle_mod,2.82842712475,1.2,2.5,1,0.6,1533109830059,1533109836534,1.5277998696553998
3,rattle_mod,1.4142135623700003,0.0,2.0,1,0.6,1533109836653,1533109840879,0.697561285962093
4,rattle_mod,1.4142135623700003,1.2,2.5,1,0.6,1533109840992,1533109846959,0.556722448731928
5,rattle_mod,2.0,1.2,4.5,1,0.6,1533109847073,1533109854695,1.1823870559246699
6,rattle_const,2.82842712475,1.2,4.5,1,0.6,1533109854814,1533109862159,0.8959238436927021
7,rattle_mod,2.0,1.2,4.5,1,0.6,1533109862267,1533109869310,0.885853544852094
8,rattle_const,2.0,1.2,2.5,1,0.6,1533109869423,1533109875211,0.889405997841903
9,rattle_const,4.0,1.2,2.5,1,0.6,1533109875326,1533109881065,0.797912048272842
10,rattle_mod,4.0,0.0,2.0,1,0.6,1533109881178,1533109888013,0.989465543831707
11,rattle_mod,1.0,0.0,2.0,1,0.6,1533109888128,1533109894387,0.973568707290451
12,rattle_const,5.65685424949,1.2,2.5,1,0.6,1533109894500,1533109900547,1.46231275433125
13,rattle_const,4.0,1.2,2.5,1,0.6,1533109900666,1533109906379,1.2651118539473
14,rattle_const,1.4142135623700003,1.2,4.5,1,0.6,1533109906505,1533109913226,0.438701915828062
15,rattle_mod,4.0,1.2,4.5,1,0.6,1533109913342,1533109923307,1.17000186903541
16,rattle_const,2.82842712475,0.0,2.0,1,0.6,1533109923422,1533109929345,0.907369219190743
17,rattle_mod,2.0,1.2,2.5,1,0.6,1533109929455,1533109936010,0.6318619021842989
18,rattle_mod,4.0,1.2,2.5,1,0.6,1533109936129,1533109941771,1.50225717062118
19,rattle_mod,4.0,0.0,2.0,1,0.6,1533109941889,1533109946171,1.8358869583507902
20,rattle_const,5.65685424949,0.0,2.0,1,0.6,1533109946283,1533109951306,1.95837072170957
21,rattle_const,4.0,0.0,2.0,1,0.6,1533109951419,1533109955838,1.5119792817681101
22,rattle_const,4.0,0.0,2.0,1,0.6,1533109955954,1533109960611,1.45423435128541
23,rattle_mod,1.0,0.0,2.0,1,0.6,1533109960732,1533109965224,0.6286787449878679
24,rattle_const,1.0,1.2,4.5,1,0.6,1533109965344,1533109972263,0.6460856989906011
25,rattle_const,2.82842712475,0.0,2.0,1,0.6,1533109972373,1533109977933,0.9946621705651891
26,rattle_mod,1.4142135623700003,0.0,2.0,1,0.6,1533109978045,1533109982612,0.906343551318018
27,rattle_mod,2.82842712475,0.0,2.0,1,0.6,1533109982729,1533109986999,2.03268897848044
28,rattle_mod,5.65685424949,0.0,2.0,1,0.6,1533109987115,1533109991824,1.6040460579117501
29,rattle_const,5.65685424949,1.2,4.5,1,0.6,1533109991937,1533109999530,0.972280164850942
30,rattle_mod,1.4142135623700003,1.2,2.5,1,0.6,1533109999648,1533110004864,0.8008770687701451
31,rattle_mod,1.4142135623700003,1.2,2.5,1,0.6,1533110004978,1533110010312,0.5926970033903239
32,rattle_const,1.0,1.2,4.5,1,0.6,1533110010430,1533110017357,0.337259138696351
33,rattle_mod,1.0,1.2,2.5,1,0.6,1533110017477,1533110022337,0.427356647442948
34,rattle_mod,1.0,1.2,2.5,1,0.6,1533110022451,1533110028639,0.42470604509734294
35,rattle_const,2.82842712475,1.2,4.5,1,0.6,1533110028758,1533110035801,0.781326023276509
36,rattle_mod,2.82842712475,0.0,2.0,1,0.6,1533110035919,1533110040442,1.27643165446475
37,rattle_const,1.4142135623700003,0.0,2.0,1,0.6,1533110040569,1533110045372,0.554311290812458
38,rattle_mod,5.65685424949,1.2,2.5,1,0.6,1533110045485,1533110051335,1.0516080577884799
39,rattle_mod,5.65685424949,1.2,4.5,1,0.6,1533110051449,1533110059000,1.22599471077318
40,rattle_mod,2.82842712475,1.2,2.5,1,0.6,1533110059129,1533110065132,1.21053758947945
41,rattle_mod,5.65685424949,1.2,2.5,1,0.6,1533110065251,1533110070894,1.01050761645688
42,rattle_mod,4.0,0.0,2.0,1,0.6,1533110071007,1533110076893,0.945485392241215
43,rattle_const,1.0,1.2,2.5,1,0.6,1533110077006,1533110082264,0.6773064511388579
44,rattle_const,2.82842712475,1.2,4.5,1,0.6,1533110082381,1533110089104,0.509465078677396
45,rattle_mod,2.0,0.0,2.0,1,0.6,1533110089224,1533110093692,1.3588631295548501
46,rattle_const,1.0,0.0,2.0,1,0.6,1533110093804,1533110098104,0.462858401800318
47,rattle_mod,5.65685424949,1.2,2.5,1,0.6,1533110098224,1533110103423,0.931791335809382
48,rattle_mod,1.0,1.2,4.5,1,0.6,1533110103543,1533110110437,0.326445710176455
49,rattle_const,1.4142135623700003,1.2,4.5,1,0.6,1533110110556,1533110117365,0.6100085594974219
50,rattle_const,1.4142135623700003,1.2,4.5,1,0.6,1533110117477,1533110124414,0.456084224352219
51,rattle_const,4.0,1.2,4.5,1,0.6,1533110124528,1533110131306,0.9440618568946869
52,rattle_mod,2.82842712475,0.0,2.0,1,0.6,1533110131414,1533110136841,1.47916404390048
53,rattle_const,2.0,1.2,2.5,1,0.6,1533110136956,1533110142225,0.6675385936997529
54,rattle_const,1.0,0.0,2.0,1,0.6,1533110142341,1533110146746,0.5285249556119921
55,rattle_const,1.0,1.2,2.5,1,0.6,1533110146868,1533110151546,0.6136436040340469
56,rattle_mod,1.0,0.0,2.0,1,0.6,1533110151661,1533110156051,0.92084148458305
57,rattle_const,2.82842712475,1.2,4.5,1,0.6,1533110156172,1533110163209,0.721750442222451
58,rattle_mod,1.0,1.2,2.5,1,0.6,1533110163335,1533110168048,0.47293143708534396
59,rattle_mod,2.82842712475,0.0,2.0,1,0.6,1533110168166,1533110172613,1.38448749556176
60,rattle_const,2.0,1.2,4.5,1,0.6,1533110172724,1533110179611,0.6485814433802621
61,rattle_mod,5.65685424949,0.0,2.0,1,0.6,1533110179725,1533110184291,1.39491894551929
62,rattle_const,1.4142135623700003,0.0,2.0,1,0.6,1533110184414,1533110188680,0.6673624353595811
63,rattle_mod,5.65685424949,1.2,2.5,1,0.6,1533110188795,1533110194720,1.12084363245216
64,rattle_mod,5.65685424949,1.2,2.5,1,0.6,1533110194842,1533110200185,1.68937088296952
65,rattle_const,2.0,0.0,2.0,1,0.6,1533110200306,1533110204558,0.921405535543364
66,rattle_mod,2.82842712475,1.2,2.5,1,0.6,1533110204675,1533110209889,2.23671730134064
67,rattle_const,4.0,1.2,2.5,1,0.6,1533110210005,1533110215169,1.0285868385023
68,rattle_const,2.0,0.0,2.0,1,0.6,1533110215285,1533110225400,0.841816835699275
69,rattle_const,1.4142135623700003,1.2,2.5,1,0.6,1533110225511,1533110230647,1.3402371352430702
70,rattle_const,1.0,1.2,2.5,1,0.6,1533110230763,1533110235514,0.599130229785086
71,rattle_mod,4.0,0.0,2.0,1,0.6,1533110235634,1533110240168,1.4189238157163102
72,rattle_const,2.82842712475,1.2,4.5,1,0.6,1533110240285,1533110247556,0.905208937846821
73,rattle_const,1.0,1.2,4.5,1,0.6,1533110247669,1533110254438,0.583011702650389
74,rattle_mod,4.0,1.2,2.5,1,0.6,1533110254552,1533110260025,1.00028997477671
75,rattle_mod,2.82842712475,1.2,4.5,1,0.6,1533110260141,1533110266823,0.525339940690401
76,rattle_const,5.65685424949,1.2,4.5,1,0.6,1533110266944,1533110273850,0.8767836095209351
77,rattle_const,4.0,0.0,2.0,1,0.6,1533110273968,1533110278625,1.30874872500998
78,rattle_const,1.0,1.2,2.5,1,0.6,1533110278745,1533110283757,0.44234865621611497
79,rattle_mod,2.0,1.2,4.5,1,0.6,1533110283876,1533110291267,0.719372321993648
80,rattle_mod,4.0,1.2,2.5,1,0.6,1533110291387,1533110296425,0.859147229326938
81,rattle_const,2.0,1.2,4.5,1,0.6,1533110296544,1533110303558,0.593366088432448
82,rattle_const,2.0,1.2,2.5,1,0.6,1533110303677,1533110308612,0.8243263337741842
83,rattle_mod,2.82842712475,1.2,4.5,1,0.6,1533110308739,1533110316201,1.15120712150548
84,rattle_const,2.82842712475,1.2,2.5,1,0.6,1533110316318,1533110321626,0.915913427037193
85,rattle_const,4.0,1.2,4.5,1,0.6,1533110321742,1533110328613,0.9367783218360659
86,rattle_mod,4.0,0.0,2.0,1,0.6,1533110328728,1533110332837,1.43190464611604
87,rattle_mod,1.4142135623700003,1.2,4.5,1,0.6,1533110332953,1533110339969,0.542180082078186
88,rattle_const,5.65685424949,1.2,2.5,1,0.6,1533110340089,1533110345519,0.9805681407697199
89,rattle_mod,5.65685424949,0.0,2.0,1,0.6,1533110345636,1533110351426,1.15693139683464
90,rattle_const,2.0,1.2,4.5,1,0.6,1533110351548,1533110358422,0.542174613402507
91,rattle_const,5.65685424949,0.0,2.0,1,0.6,1533110358541,1533110363143,0.8885639269368059
92,rattle_const,2.82842712475,0.0,2.0,1,0.6,1533110363264,1533110367836,0.9011286541635699
93,rattle_mod,1.4142135623700003,1.2,2.5,1,0.6,1533110367957,1533110372860,0.514256103711034
94,rattle_const,2.82842712475,0.0,2.0,1,0.6,1533110372974,1533110377905,0.9254381984523721
95,rattle_mod,2.82842712475,1.2,4.5,1,0.6,1533110378020,1533110385315,1.3642742928407698
96,rattle_mod,2.82842712475,1.2,2.5,1,0.6,1533110385430,1533110390237,1.508270845241
97,rattle_const,2.82842712475,1.2,4.5,1,0.6,1533110390351,1533110397704,2.91058523975307
98,rattle_const,1.0,0.0,2.0,1,0.6,1533110397826,1533110401757,0.443249583374651
99,rattle_mod,2.82842712475,1.2,2.5,1,0.6,1533110401872,1533110407892,0.9364371897129791
100,rattle_const,5.65685424949,1.2,4.5,1,0.6,1533110408011,1533110415332,0.9823195035732121
101,rattle_mod,2.0,1.2,2.5,1,0.6,1533110415453,1533110419968,1.18379165923334
102,rattle_const,1.4142135623700003,1.2,2.5,1,0.6,1533110420095,1533110424875,0.701791874899969
103,rattle_const,2.0,1.2,4.5,1,0.6,1533110424991,1533110431741,0.499613051902806
104,rattle_mod,2.82842712475,1.2,4.5,1,0.6,1533110431856,1533110438956,0.599597728206952
105,rattle_mod,2.0,1.2,2.5,1,0.6,1533110439074,1533110443888,1.02066343620537
106,rattle_const,2.82842712475,0.0,2.0,1,0.6,1533110444000,1533110451183,1.4523137303419
107,rattle_const,4.0,1.2,2.5,1,0.6,1533110451301,1533110456290,1.19387445931159
108,rattle_mod,2.0,0.0,2.0,1,0.6,1533110456410,1533110461118,1.38464536121576
109,rattle_mod,2.82842712475,1.2,2.5,1,0.6,1533110461232,1533110466157,1.54517493201933
110,rattle_mod,2.0,1.2,2.5,1,0.6,1533110466269,1533110471103,1.2520208120743899
111,rattle_mod,5.65685424949,1.2,4.5,1,0.6,1533110471222,1533110478303,0.9385447229984001
112,rattle_const,1.4142135623700003,1.2,2.5,1,0.6,1533110478423,1533110483303,0.7284151977987391
113,rattle_mod,4.0,1.2,4.5,1,0.6,1533110483426,1533110490677,1.00262108807361
114,rattle_const,2.0,1.2,4.5,1,0.6,1533110490794,1533110499288,0.576445329888063
115,rattle_mod,5.65685424949,1.2,2.5,1,0.6,1533110499408,1533110505048,0.98994582314245
116,rattle_const,2.0,0.0,2.0,1,0.6,1533110505166,1533110509260,0.8996114727808181
117,rattle_const,2.0,1.2,2.5,1,0.6,1533110509378,1533110514100,0.7910284802213271
118,rattle_mod,5.65685424949,0.0,2.0,1,0.6,1533110514220,1533110518756,1.48884859162471
119,rattle_mod,2.0,0.0,2.0,1,0.6,1533110518872,1533110523077,0.966723331216167
120,rattle_const,2.82842712475,1.2,2.5,1,0.6,1533110523203,1533110528066,1.2159210683986899
121,rattle_const,1.4142135623700003,1.2,2.5,1,0.6,1533110528183,1533110533195,0.7870719652663649
122,rattle_const,4.0,1.2,2.5,1,0.6,1533110533316,1533110538062,1.12841529846967
123,rattle_mod,5.65685424949,1.2,4.5,1,0.6,1533110538177,1533110544983,0.703377597403139
124,rattle_const,4.0,1.2,4.5,1,0.6,1533110545106,1533110552067,1.0001850135546801
125,rattle_mod,5.65685424949,1.2,4.5,1,0.6,1533110552169,1533110558930,0.8572173003247979
126,rattle_const,4.0,1.2,4.5,1,0.6,1533110559043,1533110566193,0.986075651160264
127,rattle_mod,1.0,0.0,2.0,1,0.6,1533110566314,1533110570738,0.429623577651044
128,rattle_const,2.82842712475,1.2,2.5,1,0.6,1533110570861,1533110576020,0.877590538851741
129,rattle_mod,1.0,1.2,4.5,1,0.6,1533110576136,1533110583111,0.456920976229874
130,rattle_const,4.0,0.0,2.0,1,0.6,1533110583232,1533110587885,0.759471127336254
131,rattle_const,1.4142135623700003,1.2,4.5,1,0.6,1533110588006,1533110595019,0.537762062093788
132,rattle_mod,1.0,1.2,2.5,1,0.6,1533110595139,1533110599791,0.40126057680798
133,rattle_mod,4.0,0.0,2.0,1,0.6,1533110599916,1533110604313,0.655181710524297
134,rattle_const,1.4142135623700003,0.0,2.0,1,0.6,1533110604431,1533110608500,0.558816427166431
135,rattle_const,2.0,1.2,2.5,1,0.6,1533110608620,1533110613579,0.5928450209613001
136,rattle_mod,4.0,0.0,2.0,1,0.6,1533110613702,1533110617817,1.5763420639593702
137,rattle_mod,2.0,1.2,2.5,1,0.6,1533110617949,1533110622871,0.7312658872584699
138,rattle_const,5.65685424949,0.0,2.0,1,0.6,1533110622996,1533110627580,1.3079257671444198
139,rattle_const,1.0,1.2,4.5,1,0.6,1533110627699,1533110634470,0.48245215550825393
140,rattle_mod,1.4142135623700003,0.0,2.0,1,0.6,1533110634588,1533110639032,0.768402496710857
141,rattle_mod,2.82842712475,1.2,4.5,1,0.6,1533110639153,1533110646704,1.1393927921754399
142,rattle_const,1.4142135623700003,1.2,2.5,1,0.6,1533110646833,1533110651501,0.8858132410494789
143,rattle_mod,2.0,0.0,2.0,1,0.6,1533110651619,1533110655792,1.6101332664394399
144,rattle_const,1.0,1.2,4.5,1,0.6,1533110655914,1533110662725,0.482110094317101
145,rattle_mod,2.82842712475,0.0,2.0,1,0.6,1533110662849,1533110667180,1.5698492842057
146,rattle_const,1.4142135623700003,0.0,2.0,1,0.6,1533110667305,1533110671766,0.655908016144376
147,rattle_const,1.4142135623700003,0.0,2.0,1,0.6,1533110671889,1533110679277,0.8415651418789509
148,rattle_mod,2.82842712475,1.2,4.5,1,0.6,1533110679400,1533110686060,0.653542276495638
149,rattle_const,1.4142135623700003,1.2,2.5,1,0.6,1533110686183,1533110690940,1.06661966358069
150,rattle_const,2.0,1.2,4.5,1,0.6,1533110691067,1533110697979,0.611320581275052
151,rattle_mod,1.4142135623700003,1.2,4.5,1,0.6,1533110698104,1533110704820,0.632523664964426
152,rattle_const,5.65685424949,1.2,4.5,1,0.6,1533110704946,1533110711821,1.05858970140869
153,rattle_mod,4.0,1.2,2.5,1,0.6,1533110711942,1533110716754,0.888273727571641
154,rattle_const,2.82842712475,0.0,2.0,1,0.6,1533110716887,1533110721274,1.07719573461255
155,rattle_mod,1.0,0.0,2.0,1,0.6,1533110721398,1533110725834,0.558314346117504
156,rattle_const,4.0,1.2,2.5,1,0.6,1533110725955,1533110730740,1.00606934985538
157,rattle_const,1.4142135623700003,0.0,2.0,1,0.6,1533110730866,1533110734739,0.6851012506765319
158,rattle_mod,1.4142135623700003,1.2,4.5,1,0.6,1533110734861,1533110741901,1.18677413125589
159,rattle_const,5.65685424949,1.2,4.5,1,0.6,1533110742021,1533110749008,1.2006941408371699
160,rattle_const,4.0,0.0,2.0,1,0.6,1533110749126,1533110753914,1.32036258790604
161,rattle_mod,5.65685424949,1.2,4.5,1,0.6,1533110754041,1533110761632,1.2111476004528101
162,rattle_mod,5.65685424949,1.2,2.5,1,0.6,1533110761755,1533110766723,1.3161868538247299
163,rattle_mod,2.0,1.2,4.5,1,0.6,1533110766845,1533110773511,0.7011086637463909
164,rattle_const,5.65685424949,0.0,2.0,1,0.6,1533110773632,1533110777712,1.1712092686067501
165,rattle_const,1.0,1.2,4.5,1,0.6,1533110777833,1533110784470,0.400265611139853
166,rattle_mod,1.0,1.2,4.5,1,0.6,1533110784592,1533110791457,0.539238443690655
167,rattle_mod,1.0,1.2,4.5,1,0.6,1533110791580,1533110798284,0.588091926441845
168,rattle_mod,2.82842712475,0.0,2.0,1,0.6,1533110798403,1533110802457,1.2849926804812901
169,rattle_const,2.82842712475,0.0,2.0,1,0.6,1533110802579,1533110806749,1.2580268739837601
170,rattle_const,1.0,1.2,4.5,1,0.6,1533110806867,1533110813508,0.5116527665466779
171,rattle_const,2.82842712475,1.2,2.5,1,0.6,1533110813628,1533110818390,0.8248948488986391
172,rattle_const,5.65685424949,1.2,2.5,1,0.6,1533110818510,1533110823268,1.09154331336124
173,rattle_const,1.0,1.2,2.5,1,0.6,1533110823392,1533110828015,0.606465217363349
174,rattle_const,4.0,0.0,2.0,1,0.6,1533110828141,1533110832576,1.01392494258556
175,rattle_const,2.0,0.0,2.0,1,0.6,1533110832701,1533110836937,1.2782438449701201
176,rattle_const,2.0,1.2,2.5,1,0.6,1533110837058,1533110842031,0.736204842273113
177,rattle_const,2.0,0.0,2.0,1,0.6,1533110842152,1533110846364,1.3489788832769098
178,rattle_const,2.0,0.0,2.0,1,0.6,1533110846488,1533110850726,1.3905622714151697
179,rattle_mod,1.0,1.2,4.5,1,0.6,1533110850854,1533110857576,0.667437861357626
180,rattle_mod,5.65685424949,0.0,2.0,1,0.6,1533110857700,1533110862471,1.31309103313016
181,rattle_mod,1.4142135623700003,1.2,2.5,1,0.6,1533110862591,1533110867496,1.0687327189820501
182,rattle_const,5.65685424949,0.0,2.0,1,0.6,1533110867619,1533110872085,1.4568210657059801
183,rattle_mod,1.0,1.2,4.5,1,0.6,1533110872203,1533110879045,0.7079581437595941
184,rattle_const,2.82842712475,1.2,2.5,1,0.6,1533110879164,1533110884163,1.1322839261763402
185,rattle_mod,4.0,1.2,4.5,1,0.6,1533110884287,1533110890995,0.9744236558277359
186,rattle_const,5.65685424949,1.2,4.5,1,0.6,1533110891124,1533110897857,1.0874657434236201
187,rattle_const,4.0,1.2,2.5,1,0.6,1533110897977,1533110902764,0.82332751830589
188,rattle_mod,1.4142135623700003,1.2,4.5,1,0.6,1533110902887,1533110909738,0.7370297480667141
189,rattle_mod,1.4142135623700003,0.0,2.0,1,0.6,1533110909856,1533110913742,0.669766468570252
190,rattle_const,1.4142135623700003,0.0,2.0,1,0.6,1533110913869,1533110918153,0.9814494113829949
191,rattle_const,2.82842712475,1.2,2.5,1,0.6,1533110918269,1533110922988,0.8968391177303899
192,rattle_mod,1.4142135623700003,1.2,2.5,1,0.6,1533110923112,1533110927667,0.7603607108272171
193,rattle_const,4.0,1.2,2.5,1,0.6,1533110927791,1533110932602,0.9340201973411991
194,rattle_const,5.65685424949,1.2,2.5,1,0.6,1533110932726,1533110937496,1.14068503968916
195,rattle_mod,2.0,0.0,2.0,1,0.6,1533110937616,1533110941576,1.8757366601404097
196,rattle_const,2.0,1.2,4.5,1,0.6,1533110941695,1533110948444,0.796304905421498
197,rattle_const,5.65685424949,1.2,2.5,1,0.6,1533110948566,1533110953791,1.41990111109642
198,rattle_const,4.0,1.2,4.5,1,0.6,1533110953927,1533110960937,0.7183772095309541
199,rattle_mod,2.0,0.0,2.0,1,0.6,1533110961063,1533110964926,1.23614576957924
200,rattle_const,1.4142135623700003,1.2,4.5,1,0.6,1533110965045,1533110972042,0.7164045291892921
201,rattle_mod,1.0,1.2,2.5,1,0.6,1533110972166,1533110976922,0.77281562269687
202,rattle_mod,4.0,1.2,4.5,1,0.6,1533110977047,1533110983766,1.17543367676422
203,rattle_mod,1.4142135623700003,0.0,2.0,1,0.6,1533110983877,1533110988269,1.8963117384051102
204,rattle_const,2.0,1.2,4.5,1,0.6,1533110988390,1533110995550,1.2698871967591598
205,rattle_mod,4.0,1.2,4.5,1,0.6,1533110995671,1533111002272,0.8215712002034691
206,rattle_mod,2.0,1.2,4.5,1,0.6,1533111002403,1533111009148,1.1302478422996
207,rattle_mod,4.0,1.2,4.5,1,0.6,1533111009268,1533111015887,0.795269318525833
208,rattle_const,1.0,0.0,2.0,1,0.6,1533111016013,1533111020135,0.441612782929854
209,rattle_mod,4.0,1.2,2.5,1,0.6,1533111020259,1533111024801,1.04070122901664
210,rattle_mod,1.4142135623700003,1.2,2.5,1,0.6,1533111024925,1533111030054,0.9235424662468811
211,rattle_mod,1.0,0.0,2.0,1,0.6,1533111030177,1533111034227,0.5471833888548789
212,rattle_mod,1.4142135623700003,0.0,2.0,1,0.6,1533111034357,1533111038735,0.940454940958343
213,rattle_mod,5.65685424949,1.2,2.5,1,0.6,1533111038855,1533111043813,1.36800867493323
214,rattle_mod,2.0,0.0,2.0,1,0.6,1533111043936,1533111048187,2.22794674609197
215,rattle_const,1.4142135623700003,1.2,4.5,1,0.6,1533111048310,1533111055042,0.738718737232892
216,rattle_mod,5.65685424949,1.2,4.5,1,0.6,1533111055169,1533111062390,1.11152899308152
217,rattle_mod,1.0,1.2,4.5,1,0.6,1533111062512,1533111069323,0.894509312061616
218,rattle_mod,2.0,1.2,4.5,1,0.6,1533111069468,1533111076347,1.1236629171511998
219,rattle_mod,1.0,1.2,2.5,1,0.6,1533111076471,1533111081270,0.6019570801323261
220,rattle_const,2.0,0.0,2.0,1,0.6,1533111081523,1533111085738,1.5869107777205902
221,rattle_mod,5.65685424949,1.2,4.5,1,0.6,1533111085972,1533111092896,1.3897836638030903
222,rattle_mod,1.0,0.0,2.0,1,0.6,1533111093130,1533111097511,0.598993994473244
223,rattle_mod,2.82842712475,1.2,2.5,1,0.6,1533111097739,1533111102322,1.47705598728172
224,rattle_const,1.4142135623700003,1.2,4.5,1,0.6,1533111102553,1533111109269,1.18998683982894
225,rattle_mod,4.0,1.2,4.5,1,0.6,1533111109500,1533111116414,0.938938462656058
226,rattle_mod,2.82842712475,0.0,2.0,1,0.6,1533111116647,1533111121521,1.74047379172546
227,rattle_const,1.0,0.0,2.0,1,0.6,1533111121751,1533111126097,0.64049532410447
228,rattle_const,5.65685424949,1.2,4.5,1,0.6,1533111126327,1533111132948,1.19738177724689
229,rattle_mod,2.0,1.2,2.5,1,0.6,1533111133177,1533111137840,1.5700687693928101
230,rattle_mod,5.65685424949,0.0,2.0,1,0.6,1533111138074,1533111142481,1.55944628969041
231,rattle_const,4.0,0.0,2.0,1,0.6,1533111142717,1533111146907,2.01278610820916
232,rattle_const,1.0,0.0,2.0,1,0.6,1533111147142,1533111150973,0.641927497926344
233,rattle_mod,2.82842712475,1.2,4.5,1,0.6,1533111151202,1533111157881,1.22171387170843
234,rattle_mod,1.4142135623700003,0.0,2.0,1,0.6,1533111158116,1533111162015,0.664450024396849
235,rattle_mod,1.0,1.2,2.5,1,0.6,1533111162262,1533111167026,0.58774841889334
236,rattle_mod,2.82842712475,1.2,4.5,1,0.6,1533111167266,1533111174082,2.01807865063726
237,rattle_const,1.4142135623700003,1.2,2.5,1,0.6,1533111174313,1533111179291,0.678543167069937
238,rattle_const,5.65685424949,1.2,2.5,1,0.6,1533111179546,1533111184385,1.280813616214
239,rattle_const,5.65685424949,1.2,2.5,1,0.6,1533111184615,1533111189534,1.29086515604977
240,rattle_mod,1.4142135623700003,1.2,4.5,1,0.6,1533111189761,1533111196439,0.720902347897628
241,rattle_mod,2.0,1.2,2.5,1,0.6,1533111196670,1533111201278,0.8006568694801
242,rattle_mod,1.0,1.2,4.5,1,0.6,1533111201511,1533111208023,0.49697884759853495
243,rattle_const,4.0,1.2,4.5,1,0.6,1533111208250,1533111215186,0.8540955336334771
244,rattle_const,1.0,1.2,2.5,1,0.6,1533111215417,1533111219917,0.502917699158569
245,rattle_mod,4.0,1.2,2.5,1,0.6,1533111220158,1533111224960,0.8980723061150708
246,rattle_const,5.65685424949,0.0,2.0,1,0.6,1533111225191,1533111229750,1.39607291793448
247,rattle_mod,1.4142135623700003,1.2,2.5,1,0.6,1533111229980,1533111234600,0.733577753278432
248,rattle_const,1.0,1.2,2.5,1,0.6,1533111234833,1533111239574,0.47113765159480697
249,rattle_const,5.65685424949,1.2,4.5,1,0.6,1533111239806,1533111246918,1.6729971933604801
250,rattle_const,2.0,0.0,2.0,1,0.6,1533111247151,1533111251370,1.6375351463866001
251,rattle_mod,2.82842712475,0.0,2.0,1,0.6,1533111251600,1533111256039,2.43977307508101
252,rattle_mod,1.0,0.0,2.0,1,0.6,1533111256269,1533111268338,1.0303098018311199
253,rattle_const,1.4142135623700003,0.0,2.0,1,0.6,1533111268572,1533111273172,0.7644709192041621
254,rattle_const,2.82842712475,0.0,2.0,1,0.6,1533111273408,1533111277611,1.36681304196419
255,rattle_const,2.0,1.2,2.5,1,0.6,1533111532509,1533111537477,1.00964709243605
256,rattle_mod,2.82842712475,1.2,2.5,1,0.6,1533111537585,1533111542309,1.21887690863248
257,rattle_mod,5.65685424949,1.2,4.5,1,0.6,1533111542414,1533111549440,2.00589703560135
258,rattle_mod,1.4142135623700003,0.0,2.0,1,0.6,1533111549549,1533111554041,0.7497372148392801
259,rattle_mod,5.65685424949,0.0,2.0,1,0.6,1533111554146,1533111558291,1.42498184532464
260,rattle_mod,1.4142135623700003,1.2,4.5,1,0.6,1533111558399,1533111565515,0.697421328697432
261,rattle_mod,4.0,1.2,4.5,1,0.6,1533111565624,1533111572688,1.12091960592654
262,rattle_const,1.0,0.0,2.0,1,0.6,1533111572791,1533111576769,0.5220035088674571
263,rattle_const,4.0,1.2,4.5,1,0.6,1533111576880,1533111583824,1.64612757417279
264,rattle_const,2.82842712475,1.2,4.5,1,0.6,1533111583924,1533111590600,1.3651353048374097
265,rattle_const,1.0,1.2,4.5,1,0.6,1533111590718,1533111597449,0.5757349310546479
266,rattle_mod,2.0,0.0,2.0,1,0.6,1533111597555,1533111603105,1.28764704241967
267,rattle_const,1.0,1.2,2.5,1,0.6,1533111603217,1533111607876,0.688617566094814
268,rattle_const,2.0,1.2,2.5,1,0.6,1533111607983,1533111612755,1.0142164497794102
269,rattle_mod,1.4142135623700003,1.2,4.5,1,0.6,1533111612865,1533111619594,0.7358721708806351
270,rattle_const,1.4142135623700003,1.2,2.5,1,0.6,1533111619701,1533111624713,1.0474394999971899
271,rattle_const,5.65685424949,1.2,2.5,1,0.6,1533111624833,1533111629662,1.2461418647823799
272,rattle_const,5.65685424949,0.0,2.0,1,0.6,1533111629773,1533111634092,2.06903627340991
273,rattle_mod,2.0,1.2,4.5,1,0.6,1533111634203,1533111640863,0.8836949291913501
274,rattle_const,1.4142135623700003,1.2,4.5,1,0.6,1533111640982,1533111648786,0.629735011492975
275,rattle_mod,1.4142135623700003,1.2,4.5,1,0.6,1533111648899,1533111655595,0.725550117618056
276,rattle_const,2.82842712475,1.2,2.5,1,0.6,1533111655716,1533111661117,0.753387795448279
277,rattle_const,5.65685424949,0.0,2.0,1,0.6,1533111661227,1533111665608,1.27770881626238
278,rattle_const,2.82842712475,1.2,2.5,1,0.6,1533111665717,1533111670664,0.881779485573776
279,rattle_const,4.0,0.0,2.0,1,0.6,1533111670777,1533111675226,0.87858766312519
280,rattle_mod,5.65685424949,0.0,2.0,1,0.6,1533111675340,1533111679533,1.75039590542728
281,rattle_const,2.82842712475,1.2,4.5,1,0.6,1533111679649,1533111687143,1.23872772996114
282,rattle_mod,1.0,1.2,2.5,1,0.6,1533111687260,1533111693155,0.685829125010712
283,rattle_mod,2.0,1.2,2.5,1,0.6,1533111693269,1533111697874,0.9956260308249609
284,rattle_mod,2.0,1.2,4.5,1,0.6,1533111697993,1533111704717,1.02635015600464
285,rattle_mod,4.0,0.0,2.0,1,0.6,1533111704831,1533111709891,1.43082147080296
286,rattle_mod,4.0,1.2,2.5,1,0.6,1533111710004,1533111714809,1.24251558691791
287,rattle_const,4.0,1.2,4.5,1,0.6,1533111714927,1533111721661,1.11580748862898
